customerID,tenure,MonthlyCharges,TotalCharges,Churn
7590-WBKGD,1,29.85,29.85,No
5575-GNVDE,34,56.95,1889.5,No
3668-QPYBK,2,53.85,108.15,Yes
7795-CFOCW,45,42.3,1840.75,No
9237-HQJKG,2,70.7,151.65,Yes
9305-CDSKC,8,99.65,820.5,Yes
1452-KTVSH,22,89.1,1949.4,No
6713-OKOMC,10,29.75,301.9,No
7892-POOKP,28,104.8,3046.05,Yes
6388-TABGU,62,56.15,3487.95,No
9763-GRSKD,13,49.95,587.45,No
7469-LKNB1,16,18.95,326.8,No
8091-TTVPX,58,100.35,5681.1,No
0280-XJGCK,49,103.7,5036.3,Yes
5129-JLPVW,25,105.5,2686.05,No
3655-SNFBW,0,50.0,,No
4929-KLMOP,3,85.25,255.75,Yes
8812-ZZZZZ,72,118.5,8532.0,No
1234-ABCDE,5,75.0,375.0,Yes
5678-FGHIJ,50,45.0,2250.0,No
9101-KLMNO,1,95.0,95.0,Yes
2345-PQRST,60,65.0,3900.0,No
6789-UVWXY,12,30.0,360.0,No
3456-ZABCD,4,100.0,400.0,Yes
7890-EFGHI,36,80.0,2880.0,No
